Workbook

Sheet INPUTS_MONTH
A1: Field | B1: Value
A2: month | B2: 2026-03
A3: actual_agency_commission_usd | B3: 1000
A4: host_bonus_pool_percent | B4: 0.6
A5: recruiter_pool_percent | B5: 0.07
A6: sunset_pool_percent | B6: 0.15
A7: total_agency_gross_usd | B7: 5000
A8: spacer_1
A9: spacer_2
A10: host_bonus_pool_usd | B10: =B3*B4
A11: recruiter_pool_usd | B11: =B7*B5
A12: sunset_pool_usd | B12: =B3*B6
A13: sunset_pool_active | B13: TRUE

Sheet HOSTS
A1: host_id | B1: recruiter_id | C1: beans | D1: hours_streamed | E1: tier | F1: tier_base_pay_usd | G1: eligible_for_bonus | H1: hit_tier_this_month | I1: host_active_months | J1: bonus_pool_share_usd | K1: host_total_pay_usd | L1: reserved_1 | M1: reserved_2 | N1: eligible_total_beans
A2: H1 | B2: R1 | C2: 1000 | D2: 40 | E2: T1 | F2: 100 | G2: TRUE | H2: TRUE | I2: 3 | J2: =IF(G2<>TRUE,0,IF($N$2=0,0,(C2/$N$2)*INPUTS_MONTH!$B$10)) | K2: =F2+J2 | N2: =SUMIF(G:G,TRUE,C:C)
A3: H2 | B3: R1 | C3: 500 | D3: 35 | E3: T1 | F3: 80 | G3: TRUE | H3: FALSE | I3: 2 | J3: =IF(G3<>TRUE,0,IF($N$2=0,0,(C3/$N$2)*INPUTS_MONTH!$B$10)) | K3: =F3+J3
A4: H3 | B4: R2 | C4: 500 | D4: 20 | E4: T0 | F4: 50 | G4: FALSE | H4: TRUE | I4: 3 | J4: =IF(G4<>TRUE,0,IF($N$2=0,0,(C4/$N$2)*INPUTS_MONTH!$B$10)) | K4: =F4+J4

Sheet RECRUITERS
A1: recruiter_id | B1: active_hosts_count | C1: new_qualifying_host_this_month | D1: eligible_for_recruiter_pool | E1: recruiter_contribution_beans | F1: recruiter_pool_share_usd | G1: sunset_pool_share_usd | H1: bounty_payout_usd | I1: total_recruiter_payout_usd | J1: legacy_recruiter | K1: total_recruiter_contribution_beans
A2: R1 | B2: 2 | C2: TRUE | D2: =OR(B2>=3,C2=TRUE) | E2: =IF(D2<>TRUE,0,SUMIFS(HOSTS!C:C,HOSTS!B:B,A2,HOSTS!H:H,TRUE)) | F2: =IF(D2<>TRUE,0,IF($K$2=0,0,(E2/$K$2)*INPUTS_MONTH!$B$11)) | G2: =IF(OR(J2<>TRUE,INPUTS_MONTH!$B$13<>TRUE),0,IF($K$2=0,0,(E2/$K$2)*INPUTS_MONTH!$B$12)) | H2: =SUMIFS(BOUNTY_EVENTS_MONTH!F:F,BOUNTY_EVENTS_MONTH!D:D,A2) | I2: =H2+F2+G2 | J2: TRUE | K2: =SUM(E:E)
A3: R2 | B3: 1 | C3: FALSE | D3: =OR(B3>=3,C3=TRUE) | E3: =IF(D3<>TRUE,0,SUMIFS(HOSTS!C:C,HOSTS!B:B,A3,HOSTS!H:H,TRUE)) | F3: =IF(D3<>TRUE,0,IF($K$2=0,0,(E3/$K$2)*INPUTS_MONTH!$B$11)) | G3: =IF(OR(J3<>TRUE,INPUTS_MONTH!$B$13<>TRUE),0,IF($K$2=0,0,(E3/$K$2)*INPUTS_MONTH!$B$12)) | H3: =SUMIFS(BOUNTY_EVENTS_MONTH!F:F,BOUNTY_EVENTS_MONTH!D:D,A3) | I3: =H3+F3+G3 | J3: FALSE

Sheet BOUNTY_EVENTS_MONTH
A1: event_id | B1: month | C1: host_id | D1: recruiter_id | E1: milestone_code | F1: amount_usd | G1: note
A2: E1 | B2: 2026-03 | C2: H1 | D2: R1 | E2: BEANS_5K | F2: 100 | G2: sample
